name,email,password,role,created_at,updated_at
Alice,alice@example.com,password_hash,user,2024-11-01 09:00:00,2024-11-20 09:00:00
Bob,bob@example.com,password_hash,user,2024-11-02 09:00:00,2024-11-20 09:00:00
Charlie,charlie@example.com,password_hash,user,2024-11-03 09:00:00,2024-11-20 09:00:00
David,david@example.com,password_hash,user,2024-11-04 09:00:00,2024-11-20 09:00:00
Eve,eve@example.com,password_hash,user,2024-11-05 09:00:00,2024-11-20 09:00:00
Frank,frank@example.com,password_hash,user,2024-11-06 09:00:00,2024-11-20 09:00:00
Grace,grace@example.com,password_hash,user,2024-11-07 09:00:00,2024-11-20 09:00:00
Hank,hank@example.com,password_hash,user,2024-11-08 09:00:00,2024-11-20 09:00:00
Ivy,ivy@example.com,password_hash,user,2024-11-09 09:00:00,2024-11-20 09:00:00
Jack,jack@example.com,password_hash,user,2024-11-10 09:00:00,2024-11-20 09:00:00
